{
  "name": "[INSERT_SKILL_NAME]",
  "displayName": "[INSERT_DISPLAY_NAME]",
  "description": "[INSERT_BRIEF_MARKETPLACE_DESCRIPTION]",
  "category": "[INSERT_CATEGORY]",
  "tags": [
    "[INSERT_TAG_1]",
    "[INSERT_TAG_2]",
    "[INSERT_TAG_3]",
    "[INSERT_TAG_4]",
    "[INSERT_TAG_5]"
  ],
  "lastUpdated": "[INSERT_DATE_YYYY_MM_DD]",
  "skill_file_url": "/slim/marketplace/skills/[INSERT_SKILL_NAME]/SKILL.md",
  "type": "skill",
  "example": "[INSERT_EXAMPLE_USAGE]",
  "zip_file_path": "assets/zip/[INSERT_SKILL_NAME].zip",
  "dependencies": {
    "skills": [
      "[INSERT_REQUIRED_SKILL_1]",
      "[INSERT_REQUIRED_SKILL_2]"
    ]
  }
}